customer_id,limit_bal,pay_0,pay_2,pay_3,pay_4,pay_5,pay_6,bill_amt1,bill_amt2,bill_amt3,bill_amt4,bill_amt5,bill_amt6,pay_amt1,pay_amt2,pay_amt3,pay_amt4,pay_amt5,pay_amt6
2,120000,-1,2,0,0,0,2,2682,1725,2682,3272,3455,3261,0,1000,1000,1000,0,2000
3,90000,0,0,0,0,0,0,29239,14027,13559,14331,14948,15549,1518,1500,1000,1000,1000,5000
4,50000,0,0,0,0,0,0,46990,48233,49291,28314,28959,29547,2000,2019,1200,1100,1069,1000
5,50000,-1,0,-1,0,0,0,8617,5670,35835,20940,19146,19131,2000,36681,10000,9000,689,679
6,50000,0,0,0,0,0,0,64400,57069,57608,19394,19619,20024,2500,1815,657,1000,1000,800
7,500000,0,0,0,0,0,0,367965,412023,445007,542653,483003,473944,55000,40000,38000,20239,13750,13770
8,100000,0,-1,-1,0,0,-1,11876,380,601,221,-159,567,380,601,0,581,1687,1542
9,140000,0,0,2,0,0,0,11285,14096,12108,12211,11793,3719,3329,0,432,1000,1000,1000
10,20000,-2,-2,-2,-2,-1,-1,0,0,0,0,13007,13912,0,0,0,13007,1122,0
12,260000,-1,-1,-1,-1,-1,2,12261,21670,9966,8517,22287,13668,21818,9966,8583,22301,0,3640
